x,y,z,roll,pitch,yaw
408.262177,-4.43756,320.379578,-158.489695,12.797528,-9.15449
328.522522,162.667511,235.727631,110.118191,59.035566,37.183529
