x,y,z,roll,pitch,yaw
449.320648,97.761406,168.780533,163.938695,27.834691,8.386326
441.286713,82.267899,177.623474,163.921105,21.305092,10.805927
